"canonicalName","Category","Compound.approximateMW","Compound.casnum","Compound.cid","Compound.formula","Compound.mw","Compound.name","Compound.pubchemcid","Compound.smiles","Compound.synonyms","Enzyme.ecnum","Enzyme.name","Gene.description","Gene.human.geneid","Gene.locations","Gene.symbol","name","Reaction.equation","Reaction.isReversible","Reaction.locations","Reaction.pathway","Reaction.rid","selected","shared name","Type"
"With NAD(+) or NADP(+) as acceptor","Enzyme",,,,,,,,,,"1.1.1.-","With NAD(+) or NADP(+) as acceptor",,,,,"1.1.1.-",,,,,,"false","1.1.1.-","Enzyme"
"3-hydroxy-2-methylbutyryl-CoA dehydrogenase","Enzyme",,,,,,,,,,"1.1.1.178","3-hydroxy-2-methylbutyryl-CoA dehydrogenase",,,,,"1.1.1.178",,,,,,"false","1.1.1.178","Enzyme"
"3-hydroxyisobutyrate dehydrogenase","Enzyme",,,,,,,,,,"1.1.1.31","3-hydroxyisobutyrate dehydrogenase",,,,,"1.1.1.31",,,,,,"false","1.1.1.31","Enzyme"
"3-hydroxyacyl-CoA dehydrogenase","Enzyme",,,,,,,,,,"1.1.1.35","3-hydroxyacyl-CoA dehydrogenase",,,,,"1.1.1.35",,,,,,"false","1.1.1.35","Enzyme"
"Methylmalonate-semialdehyde dehydrogenase (acylating)","Enzyme",,,,,,,,,,"1.2.1.27","Methylmalonate-semialdehyde dehydrogenase (acylating)",,,,,"1.2.1.27",,,,,,"false","1.2.1.27","Enzyme"
"Aldehyde dehydrogenase (NAD(+))","Enzyme",,,,,,,,,,"1.2.1.3","Aldehyde dehydrogenase (NAD(+))",,,,,"1.2.1.3",,,,,,"false","1.2.1.3","Enzyme"
"Aldehyde oxidase","Enzyme",,,,,,,,,,"1.2.3.1","Aldehyde oxidase",,,,,"1.2.3.1",,,,,,"false","1.2.3.1","Enzyme"
"3-methyl-2-oxobutanoate dehydrogenase (2-methylpropanoyl-transferring)","Enzyme",,,,,,,,,,"1.2.4.4","3-methyl-2-oxobutanoate dehydrogenase (2-methylpropanoyl-transferring)",,,,,"1.2.4.4",,,,,,"false","1.2.4.4","Enzyme"
"Isovaleryl-CoA dehydrogenase","Enzyme",,,,,,,,,,"1.3.99.10","Isovaleryl-CoA dehydrogenase",,,,,"1.3.99.10",,,,,,"false","1.3.99.10","Enzyme"
"Butyryl-CoA dehydrogenase","Enzyme",,,,,,,,,,"1.3.99.2","Butyryl-CoA dehydrogenase",,,,,"1.3.99.2",,,,,,"false","1.3.99.2","Enzyme"
"Acyl-CoA dehydrogenase","Enzyme",,,,,,,,,,"1.3.99.3","Acyl-CoA dehydrogenase",,,,,"1.3.99.3",,,,,,"false","1.3.99.3","Enzyme"
"L-amino-acid oxidase","Enzyme",,,,,,,,,,"1.4.3.2","L-amino-acid oxidase",,,,,"1.4.3.2",,,,,,"false","1.4.3.2","Enzyme"
"ACAA2","Gene",,,,,,,,,,,,"acetyl-Coenzyme A acyltransferase 2","10449","mitochondrion|mitochondrial inner membrane","ACAA2","10449",,,,,,"false","10449","Gene"
"HTATIP","Gene",,,,,,,,,,,,"K(lysine) acetyltransferase 5","10524","NuA4 histone acetyltransferase complex|perinuclear region of cytoplasm|cytoplasm|nucleolus|Piccolo NuA4 histone acetyltransferase complex|nucleus|chromatin","HTATIP","10524",,,,,,"false","10524","Gene"
"AKR1C4","Gene",,,,,,,,,,,,"aldo-keto reductase family 1, member C4 (chlordecone reductase; 3-alpha hydroxysteroid dehydrogenase, type I; dihydrodiol dehydrogenase 4)","1109","cytoplasm|cytosol","AKR1C4","1109",,,,,,"false","1109","Gene"
"HIBADH","Gene",,,,,,,,,,,,"3-hydroxyisobutyrate dehydrogenase","11112","mitochondrion","HIBADH","11112",,,,,,"false","11112","Gene"
"AKR1C1","Gene",,,,,,,,,,,,"aldo-keto reductase family 1, member C1 (dihydrodiol dehydrogenase 1; 20-alpha (3-alpha)-hydroxysteroid dehydrogenase)","1645","cytoplasm|cytosol","AKR1C1","1645",,,,,,"false","1645","Gene"
"ABAT","Gene",,,,,,,,,,,,"4-aminobutyrate aminotransferase","18","mitochondrion|mitochondrial matrix|4-aminobutyrate transaminase complex|synaptosome","ABAT","18",,,,,,"false","18","Gene"
"ECHS1","Gene",,,,,,,,,,,,"enoyl Coenzyme A hydratase, short chain, 1, mitochondrial","1892","mitochondrion|mitochondrial matrix","ECHS1","1892",,,,,,"false","1892","Gene"
"EHHADH","Gene",,,,,,,,,,,,"enoyl-Coenzyme A, hydratase/3-hydroxyacyl Coenzyme A dehydrogenase","1962","mitochondrion|peroxisome","EHHADH","1962",,,,,,"false","1962","Gene"
"Transferring groups other than amino-acyl groups","Enzyme",,,,,,,,,,"2.3.1.-","Transferring groups other than amino-acyl groups",,,,,"2.3.1.-",,,,,,"false","2.3.1.-","Enzyme"
"Acetyl-CoA C-acyltransferase","Enzyme",,,,,,,,,,"2.3.1.16","Acetyl-CoA C-acyltransferase",,,,,"2.3.1.16",,,,,,"false","2.3.1.16","Enzyme"
"(S)-3-amino-2-methylpropionate transaminase","Enzyme",,,,,,,,,,"2.6.1.22","(S)-3-amino-2-methylpropionate transaminase",,,,,"2.6.1.22",,,,,,"false","2.6.1.22","Enzyme"
"Branched-chain-amino-acid transaminase","Enzyme",,,,,,,,,,"2.6.1.42","Branched-chain-amino-acid transaminase",,,,,"2.6.1.42",,,,,,"false","2.6.1.42","Enzyme"
"ALDH2","Gene",,,,,,,,,,,,"aldehyde dehydrogenase 2 family (mitochondrial)","217","mitochondrion|mitochondrial matrix","ALDH2","217",,,,,,"false","217","Gene"
"ALDH3A1","Gene",,,,,,,,,,,,"aldehyde dehydrogenase 3 family, memberA1","218","endoplasmic reticulum|cytoplasm|cytosol","ALDH3A1","218",,,,,,"false","218","Gene"
"ALDH1B1","Gene",,,,,,,,,,,,"aldehyde dehydrogenase 1 family, member B1","219","mitochondrion|mitochondrial matrix","ALDH1B1","219",,,,,,"false","219","Gene"
"ALDH1A3","Gene",,,,,,,,,,,,"aldehyde dehydrogenase 1 family, member A3","220","cytoplasm","ALDH1A3","220",,,,,,"false","220","Gene"
"ALDH9A1","Gene",,,,,,,,,,,,"aldehyde dehydrogenase 9 family, member A1","223","cytoskeleton|cytoplasm|cytosol|nucleus","ALDH9A1","223",,,,,,"false","223","Gene"
"ALDH3A2","Gene",,,,,,,,,,,,"aldehyde dehydrogenase 3 family, member A2","224","membrane|endoplasmic reticulum|integral to membrane","ALDH3A2","224",,,,,,"false","224","Gene"
"LARS2","Gene",,,,,,,,,,,,"leucyl-tRNA synthetase 2, mitochondrial","23395","mitochondrion|mitochondrial matrix|cytoplasm","LARS2","23395",,,,,,"false","23395","Gene"
"MYST4","Gene",,,,,,,,,,,,"MYST histone acetyltransferase (monocytic leukemia) 4","23522","MOZ/MORF histone acetyltransferase complex|nucleosome|nucleus","MYST4","23522",,,,,,"false","23522","Gene"
"LYPLA3","Gene",,,,,,,,,,,,"phospholipase A2, group XV","23659","lysosome|extracellular region|soluble fraction","LYPLA3","23659",,,,,,"false","23659","Gene"
"IL4I1","Gene",,,,,,,,,,,,"interleukin 4 induced 1","259307","lysosome","IL4I1","259307",,,,,,"false","259307","Gene"
"ACAA1","Gene",,,,,,,,,,,,"acetyl-Coenzyme A acyltransferase 1","30","peroxisomal matrix|intracellular membrane-bounded organelle|cytoplasm|peroxisome","ACAA1","30",,,,,,"false","30","Gene"
"HSD17B10","Gene",,,,,,,,,,,,"hydroxysteroid (17-beta) dehydrogenase 10","3028","mitochondrion|endoplasmic reticulum|mitochondrial inner membrane|cytoplasm|plasma membrane","HSD17B10","3028",,,,,,"false","3028","Gene"
"HADHA","Gene",,,,,,,,,,,,"hydroxyacyl-Coenzyme A dehydrogenase/3-ketoacyl-Coenzyme A thiolase/enoyl-Coenzyme A hydratase (trifunctional protein), alpha subunit","3030","mitochondrial nucleoid|mitochondrion|mitochondrial inner membrane|fatty acid beta-oxidation multienzyme complex","HADHA","3030",,,,,,"false","3030","Gene"
"HADHB","Gene",,,,,,,,,,,,"hydroxyacyl-Coenzyme A dehydrogenase/3-ketoacyl-Coenzyme A thiolase/enoyl-Coenzyme A hydratase (trifunctional protein), beta subunit","3032","mitochondrial envelope|mitochondrial nucleoid|mitochondrion|mitochondrial inner membrane|fatty acid beta-oxidation multienzyme complex","HADHB","3032",,,,,,"false","3032","Gene"
"HADH","Gene",,,,,,,,,,,,"hydroxyacyl-Coenzyme A dehydrogenase","3033","mitochondrion|mitochondrial matrix|cytoplasm","HADH","3033",,,,,,"false","3033","Gene"
"HMGCL","Gene",,,,,,,,,,,,"3-hydroxymethyl-3-methylglutaryl-Coenzyme A lyase","3155","mitochondrion|mitochondrial matrix|mitochondrial inner membrane","HMGCL","3155",,,,,,"false","3155","Gene"
"AOX1","Gene",,,,,,,,,,,,"aldehyde oxidase 1","316","cytoplasm","AOX1","316",,,,,,"false","316","Gene"
"HSD11B2","Gene",,,,,,,,,,,,"hydroxysteroid (11-beta) dehydrogenase 2","3291","endoplasmic reticulum|cytoplasm|microsome","HSD11B2","3291",,,,,,"false","3291","Gene"
"HSD17B4","Gene",,,,,,,,,,,,"hydroxysteroid (17-beta) dehydrogenase 4","3295","peroxisomal matrix|peroxisome","HSD17B4","3295",,,,,,"false","3295","Gene"
"ACADL","Gene",,,,,,,,,,,,"acyl-Coenzyme A dehydrogenase, long chain","33","mitochondrion|mitochondrial matrix|cytoplasm","ACADL","33",,,,,,"false","33","Gene"
"IARS","Gene",,,,,,,,,,,,"isoleucyl-tRNA synthetase","3376","cytoplasm|soluble fraction|cytosol","IARS","3376",,,,,,"false","3376","Gene"
"ACADM","Gene",,,,,,,,,,,,"acyl-Coenzyme A dehydrogenase, C-4 to C-12 straight chain","34","mitochondrion|mitochondrial matrix","ACADM","34",,,,,,"false","34","Gene"
"ACADS","Gene",,,,,,,,,,,,"acyl-Coenzyme A dehydrogenase, C-2 to C-3 short chain","35","mitochondrion|mitochondrial matrix","ACADS","35",,,,,,"false","35","Gene"
"ACADSB","Gene",,,,,,,,,,,,"acyl-Coenzyme A dehydrogenase, short/branched chain","36","mitochondrion|mitochondrial matrix","ACADSB","36",,,,,,"false","36","Gene"
"IVD","Gene",,,,,,,,,,,,"isovaleryl Coenzyme A dehydrogenase","3712","mitochondrion|mitochondrial matrix","IVD","3712",,,,,,"false","3712","Gene"
"Hydroxymethylglutaryl-CoA lyase","Enzyme",,,,,,,,,,"4.1.3.4","Hydroxymethylglutaryl-CoA lyase",,,,,"4.1.3.4",,,,,,"false","4.1.3.4","Enzyme"
"Enoyl-CoA hydratase","Enzyme",,,,,,,,,,"4.2.1.17","Enoyl-CoA hydratase",,,,,"4.2.1.17",,,,,,"false","4.2.1.17","Enzyme"
"Methylglutaconyl-CoA hydratase","Enzyme",,,,,,,,,,"4.2.1.18","Methylglutaconyl-CoA hydratase",,,,,"4.2.1.18",,,,,,"false","4.2.1.18","Enzyme"
"ALDH6A1","Gene",,,,,,,,,,,,"aldehyde dehydrogenase 6 family, member A1","4329","mitochondrion","ALDH6A1","4329",,,,,,"false","4329","Gene"
"ALDH7A1","Gene",,,,,,,,,,,,"aldehyde dehydrogenase 7 family, member A1","501","mitochondrion|cellular_component","ALDH7A1","501",,,,,,"false","501","Gene"
"OVD1A","Gene",,,,,,,,,,,,,"5014","NONE","OVD1A","5014",,,,,,"false","5014","Gene"
"PCCA","Gene",,,,,,,,,,,,"propionyl Coenzyme A carboxylase, alpha polypeptide","5095","mitochondrion|mitochondrial matrix","PCCA","5095",,,,,,"false","5095","Gene"
"PCCB","Gene",,,,,,,,,,,,"propionyl Coenzyme A carboxylase, beta polypeptide","5096","mitochondrion|mitochondrial matrix","PCCB","5096",,,,,,"false","5096","Gene"
"HSD17B12","Gene",,,,,,,,,,,,"hydroxysteroid (17-beta) dehydrogenase 12","51144","extracellular matrix|membrane|endoplasmic reticulum|integral to membrane","HSD17B12","51144",,,,,,"false","51144","Gene"
"LARS","Gene",,,,,,,,,,,,"leucyl-tRNA synthetase","51520","cytoplasm|cytosol","LARS","51520",,,,,,"false","51520","Gene"
"HMGCLL1","Gene",,,,,,,,,,,,"3-hydroxymethyl-3-methylglutaryl-Coenzyme A lyase-like 1","54511","NONE","HMGCLL1","54511",,,,,,"false","54511","Gene"
"AUH","Gene",,,,,,,,,,,,"AU RNA binding protein/enoyl-Coenzyme A hydratase","549","mitochondrion","AUH","549",,,,,,"false","549","Gene"
"IARS2","Gene",,,,,,,,,,,,"isoleucyl-tRNA synthetase 2, mitochondrial","55699","mitochondrion|mitochondrial matrix|cytoplasm","IARS2","55699",,,,,,"false","55699","Gene"
"MCCC1","Gene",,,,,,,,,,,,"methylcrotonoyl-Coenzyme A carboxylase 1 (alpha)","56922","Golgi apparatus|mitochondrion|mitochondrial matrix|mitochondrial inner membrane","MCCC1","56922",,,,,,"false","56922","Gene"
"VARS2","Gene",,,,,,,,,,,,"valyl-tRNA synthetase 2, mitochondrial (putative)","57176","mitochondrion|cytoplasm","VARS2","57176",,,,,,"false","57176","Gene"
"BCAT1","Gene",,,,,,,,,,,,"branched chain aminotransferase 1, cytosolic","586","cytoplasm|cytosol","BCAT1","586",,,,,,"false","586","Gene"
"BCAT2","Gene",,,,,,,,,,,,"branched chain aminotransferase 2, mitochondrial","587","mitochondrion|cytoplasm|nucleus","BCAT2","587",,,,,,"false","587","Gene"
"BCKDHA","Gene",,,,,,,,,,,,"branched chain keto acid dehydrogenase E1, alpha polypeptide","593","mitochondrial alpha-ketoglutarate dehydrogenase complex|mitochondrion|mitochondrial matrix","BCKDHA","593",,,,,,"false","593","Gene"
"BCKDHB","Gene",,,,,,,,,,,,"branched chain keto acid dehydrogenase E1, beta polypeptide","594","mitochondrial alpha-ketoglutarate dehydrogenase complex|mitochondrion|mitochondrial matrix","BCKDHB","594",,,,,,"false","594","Gene"
"Leucine--tRNA ligase","Enzyme",,,,,,,,,,"6.1.1.4","Leucine--tRNA ligase",,,,,"6.1.1.4",,,,,,"false","6.1.1.4","Enzyme"
"Isoleucine--tRNA ligase","Enzyme",,,,,,,,,,"6.1.1.5","Isoleucine--tRNA ligase",,,,,"6.1.1.5",,,,,,"false","6.1.1.5","Enzyme"
"Valine--tRNA ligase","Enzyme",,,,,,,,,,"6.1.1.9","Valine--tRNA ligase",,,,,"6.1.1.9",,,,,,"false","6.1.1.9","Enzyme"
"Propionyl-CoA carboxylase","Enzyme",,,,,,,,,,"6.4.1.3","Propionyl-CoA carboxylase",,,,,"6.4.1.3",,,,,,"false","6.4.1.3","Enzyme"
"Methylcrotonoyl-CoA carboxylase","Enzyme",,,,,,,,,,"6.4.1.4","Methylcrotonoyl-CoA carboxylase",,,,,"6.4.1.4",,,,,,"false","6.4.1.4","Enzyme"
"MCCC2","Gene",,,,,,,,,,,,"methylcrotonoyl-Coenzyme A carboxylase 2 (beta)","64087","mitochondrion|mitochondrial matrix","MCCC2","64087",,,,,,"false","64087","Gene"
"VARS","Gene",,,,,,,,,,,,"valyl-tRNA synthetase","7407","mitochondrion|cytoplasm|intracellular|cytosol","VARS","7407",,,,,,"false","7407","Gene"
"MYST3","Gene",,,,,,,,,,,,"MYST histone acetyltransferase (monocytic leukemia) 3","7994","MOZ/MORF histone acetyltransferase complex|nucleosome|nucleus","MYST3","7994",,,,,,"false","7994","Gene"
"PNPLA3","Gene",,,,,,,,,,,,"patatin-like phospholipase domain containing 3","80339","membrane|integral to membrane","PNPLA3","80339",,,,,,"false","80339","Gene"
"ARD1A","Gene",,,,,,,,,,,,"ARD1 homolog A, N-acetyltransferase (S. cerevisiae)","8260","cytoplasm|intracellular|nucleus","ARD1A","8260",,,,,,"false","8260","Gene"
"H2O","Compound","18","7732-18-5","C00001","H2O","18.01528","H2O","962","O","Water|H2O",,,,,,,"C00001",,,,,,"false","C00001","Compound"
"ATP","Compound","507","56-65-5","C00002","C10H16N5O13P3","507.181023","ATP","5957","C1=NC2=C(C(=N1)N)N=CN2[C@H]3[C@@H]([C@@H]([C@H](O3)COP(=O)(O)OP(=O)(O)OP(=O)(O)O)O)O","ATP|Adenosine 5'-triphosphate",,,,,,,"C00002",,,,,,"false","C00002","Compound"
"NAD+","Compound","664","53-84-9","C00003","C21H28N7O14P2","664.433042","NAD+","5892","C1=CC(=C[N+](=C1)[C@H]2[C@@H]([C@@H]([C@H](O2)COP(=O)([O-])OP(=O)(O)OC[C@@H]3[C@H]([C@H]([C@@H](O3)N4C=NC5=C4N=CN=C5N)O)O)O)O)C(=O)N","Diphosphopyridine nucleotide|Nadide|DPN|NAD+|NAD|Nicotinamide adenine dinucleotide",,,,,,,"C00003",,,,,,"false","C00003","Compound"
"NADH","Compound","665",,"C00004","C21H29N7O14P2","665.440982","NADH","928","C1C=CN(C=C1C(=O)N)C2C(C(C(O2)COP(=O)(O)OP(=O)(O)OCC3C(C(C(O3)N4C=NC5=C4N=CN=C5N)O)O)O)O","NADH|DPNH",,,,,,,"C00004",,,,,,"false","C00004","Compound"
"Oxygen","Compound","32","7782-44-7","C00007","O2","31.9988","Oxygen","977","O=O","O2|Oxygen",,,,,,,"C00007",,,,,,"false","C00007","Compound"
"ADP","Compound","427","20398-34-9","C00008","C10H15N5O10P2","427.201122","ADP","6022","C1=NC2=C(C(=N1)N)N=CN2[C@H]3[C@@H]([C@@H]([C@H](O3)COP(=O)(O)OP(=O)(O)O)O)O","Adenosine 5'-diphosphate|ADP",,,,,,,"C00008",,,,,,"false","C00008","Compound"
"Orthophosphate","Compound","98","14265-44-2","C00009","H3O4P","97.995181","Orthophosphate","1061","OP(O)(O)=O","Phosphoric acid|Orthophosphate|Orthophosphoric acid|Pi|Phosphate",,,,,,,"C00009",,,,,,"false","C00009","Compound"
"CoA","Compound","767","85-61-0","C00010","C21H36N7O16P3S","767.534123","CoA","6816","CC(C)(COP(=O)(O)OP(=O)(O)OC[C@@H]1[C@H]([C@H]([C@@H](O1)N2C=NC3=C2N=CN=C3N)O)OP(=O)(O)O)C(C(=O)NCCC(=O)NCCS)O","CoA-SH|CoA|Coenzyme A",,,,,,,"C00010",,,,,,"false","C00010","Compound"
"CO2","Compound","44","124-38-9","C00011","CO2","44.0095","CO2","280","C(=O)=O","CO2|Carbon dioxide",,,,,,,"C00011",,,,,,"false","C00011","Compound"
"Pyrophosphate","Compound","178","2466-09-3","C00013","H4O7P2","177.975082","Pyrophosphate","0","OP(=O)(O)OP(=O)(O)O","Pyrophosphoric acid|Diphosphate|PPi|Pyrophosphate",,,,,,,"C00013",,,,,,"false","C00013","Compound"
"NH3","Compound","17","7664-41-7","C00014","H3N","17.03052","NH3","222","N","NH3|Ammonia",,,,,,,"C00014",,,,,,"false","C00014","Compound"
"FAD","Input Compound","785","146-14-5","C00016","C27H33N9O15P2","785.549742","FAD","439154","CC1=CC2=C(C=C1C)N(C3=NC(=O)NC(=O)C3=N2)CC(C(C(COP(=O)(O)OP(=O)(O)OC[C@@H]4[C@H]([C@H]([C@@H](O4)N5C=NC6=C5N=CN=C6N)O)O)O)O)O","Flavin adenine dinucleotide|FAD",,,,,,,"C00016",,,,,,"false","C00016","Compound"
"AMP","Input Compound","347","61-19-8","C00020","C10H14N5O7P","347.221221","AMP","6083","C1=NC2=C(C(=N1)N)N=CN2[C@H]3[C@@H]([C@@H]([C@H](O3)COP(=O)(O)O)O)O","5'-AMP|Adenosine 5'-monophosphate|AMP|5'-Adenosine monophosphate|Adenosine 5'-phosphate|5'-Adenylic acid|Adenylic acid|Adenylate",,,,,,,"C00020",,,,,,"false","C00020","Compound"
"Acetyl-CoA","Compound","809","72-89-9","C00024","C23H38N7O17P3S","809.570803","Acetyl-CoA","6302","CC(=O)SCCNC(=O)CCNC(=O)C(C(C)(C)COP(=O)(O)OP(=O)(O)OC[C@@H]1[C@H]([C@H]([C@@H](O1)N2C=NC3=C2N=CN=C3N)O)OP(=O)(O)O)O","Acetyl coenzyme A|Acetyl-CoA",,,,,,,"C00024",,,,,,"false","C00024","Compound"
"L-Glutamate","Input Compound","147","56-86-0","C00025","C5H9NO4","147.12926","L-Glutamate","3325","C1=C(N=C(S1)N=C(N)N)CSCCC(=NS(=O)(=O)N)N","L-Glutamate|L-Glutamic acid|Glutamate|L-Glutaminic acid",,,,,,,"C00025",,,,,,"false","C00025","Compound"
"2-Oxoglutarate","Input Compound","146","328-50-7","C00026","C5H6O5","146.09814","2-Oxoglutarate","51","C(CC(=O)O)C(=O)C(=O)O","2-Oxoglutarate|Oxoglutaric acid|alpha-Ketoglutaric acid|2-Ketoglutaric acid",,,,,,,"C00026",,,,,,"false","C00026","Compound"
"H2O2","Compound","34","7722-84-1","C00027","H2O2","34.01468","H2O2","784","OO","H2O2|Hydrogen peroxide|Oxydol",,,,,,,"C00027",,,,,,"false","C00027","Compound"
"H+","Compound","1",,"C00080","H","2.01588","H+",,"[H+]","H+",,,,,,,"C00080",,,,,,"false","C00080","Compound"
"Propanoyl-CoA","Compound","823","317-66-8","C00100","C24H40N7O17P3S","823.597383","Propanoyl-CoA","439164","CCC(=O)SCCNC(=O)CCNC(=O)C(C(C)(C)COP(=O)(O)OP(=O)(O)OC[C@@H]1[C@H]([C@H]([C@@H](O1)N2C=NC3=C2N=CN=C3N)O)OP(=O)(O)O)O","Propanoyl-CoA|Propionyl coenzyme A|Propionyl-CoA",,,,,,,"C00100",,,,,,"false","C00100","Compound"
"L-Leucine","Input Compound","131","61-90-5","C00123","C6H13NO2","131.17292","L-Leucine","6106","CC(C)C[C@@H](C(=O)O)N","2-Amino-4-methylvaleric acid|(2S)-alpha-Leucine|(2S)-alpha-2-Amino-4-methylvaleric acid|L-Leucine",,,,,,,"C00123",,,,,,"false","C00123","Compound"
"3-Methyl-2-oxobutanoic acid","Input Compound","116",,"C00141","C5H8O3","116.11522","3-Methyl-2-oxobutanoic acid","49","CC(C)C(=O)C(=O)O","2-Keto-3-methylbutyric acid|2-Oxo-3-methylbutanoate|2-Oxoisopentanoate|3-Methyl-2-oxobutyric acid|3-Methyl-2-oxobutanoate|2-Ketovaline|alpha-Ketovaline|2-Oxoisovalerate|3-Methyl-2-oxobutanoic acid",,,,,,,"C00141",,,,,,"false","C00141","Compound"
"Acetoacetate","Input Compound","102","541-50-4","C00164","C4H6O3","102.08864","Acetoacetate","96","CC(=O)CC(=O)O","Acetoacetate|beta-Ketobutyric acid|Acetoacetic acid|3-Oxobutanoic acid",,,,,,,"C00164",,,,,,"false","C00164","Compound"
"L-Valine","Input Compound","117","72-18-4","C00183","C5H11NO2","117.14634","L-Valine","1182","CC(C)C(C(=O)O)N","L-Valine|2-Amino-3-methylbutyric acid",,,,,,,"C00183",,,,,,"false","C00183","Compound"
"4-Methyl-2-oxopentanoate","Input Compound","130",,"C00233","C6H10O3","130.1418","4-Methyl-2-oxopentanoate",,"CC(C)CC(=O)C(O)=O","4-Methyl-2-oxopentanoate|2-Oxoisocaproate",,,,,,,"C00233",,,,,,"false","C00233","Compound"
"Lipoamide","Compound","205","940-69-2","C00248","C8H15NOS2","205.3408","Lipoamide","863","C1CSSC1CCCCC(=O)N","Thioctic acid amide|Lipoamide",,,,,,,"C00248",,,,,,"false","C00248","Compound"
"HCO3-","Compound","61",,"C00288","CHO3","62.02478","HCO3-",,,"Acid carbonate|Hydrogencarbonate|HCO3-|Bicarbonate",,,,,,,"C00288",,,,,,"false","C00288","Compound"
"2-Methyl-3-oxopropanoate","Input Compound","102",,"C00349","C4H6O3","102.08864","2-Methyl-3-oxopropanoate","296","CC(C=O)C(=O)O","3-Oxo-2-methylpropanoate|Methylmalonate semialdehyde|2-Methyl-3-oxopropanoate",,,,,,,"C00349",,,,,,"false","C00349","Compound"
"(S)-3-Hydroxy-3-methylglutaryl-CoA","Compound","911","1553-55-5","C00356","C27H44N7O20P3S","911.659443","(S)-3-Hydroxy-3-methylglutaryl-CoA","91506","CC(C)(COP(=O)(O)OP(=O)(O)OC[C@@H]1[C@H]([C@H]([C@@H](O1)N2C=NC3=C2N=CN=C3N)O)OP(=O)(O)O)[C@H](C(=O)NCCC(=O)NCCSC(=O)CC(C)(CC(=O)O)O)O","(S)-3-Hydroxy-3-methylglutaryl-CoA|3-Hydroxy-3-methylglutaryl-CoA|Hydroxymethylglutaroyl coenzyme A|Hydroxymethylglutaryl-CoA|HMG-CoA",,,,,,,"C00356",,,,,,"false","C00356","Compound"
"L-Isoleucine","Input Compound","131","73-32-5","C00407","C6H13NO2","131.17292","L-Isoleucine","791","CCC(C)C(C(=O)O)N","L-Isoleucine|2-Amino-3-methylvaleric acid",,,,,,,"C00407",,,,,,"false","C00407","Compound"
"Dihydrolipoamide","Input Compound","207","3884-47-7","C00579","C8H17NOS2","207.35668","Dihydrolipoamide","663","C(CCC(=O)N)CC(CCS)S","Dihydrothioctamide|Dihydrolipoamide",,,,,,,"C00579",,,,,,"false","C00579","Compound"
"2-Methylpropanoyl-CoA","Compound","837",,"C00630","C25H42N7O17P3S","837.623963","2-Methylpropanoyl-CoA","122283","CCCC(=O)SCCNC(=O)CCNC(=O)[C@@H](C(C)(C)COP(=O)(O)OP(=O)(O)OC[C@@H]1[C@H]([C@H]([C@@H](O1)N2C=NC3=C2N=CN=C3N)O)OP(=O)(O)O)O","Isobutyryl-CoA|2-Methylpropanoyl-CoA|2-Methylpropionyl-CoA",,,,,,,"C00630",,,,,,"false","C00630","Compound"
"(S)-3-Methyl-2-oxopentanoic acid","Input Compound","130",,"C00671","C6H10O3","130.1418","(S)-3-Methyl-2-oxopentanoic acid","439286","CC[C@H](C)C(=O)C(=O)O","(S)-3-Methyl-2-oxopentanoic acid|(S)-3-Methyl-2-oxopentanoate|(3S)-3-Methyl-2-oxopentanoate|(3S)-3-Methyl-2-oxopentanoic acid",,,,,,,"C00671",,,,,,"false","C00671","Compound"
"(S)-2-Methyl-3-oxopropanoyl-CoA","Compound","867",,"C00683","C25H40N7O19P3S","867.606883","(S)-2-Methyl-3-oxopropanoyl-CoA","613","CC(C(=O)O)C(=O)SCCNC(=O)CCNC(=O)C(C(C)(C)COP(=O)(O)OP(=O)(O)OCC1C(C(C(O1)N2C=NC3=C2N=CN=C3N)O)OP(=O)(O)O)O","(S)-2-Methyl-3-oxopropionyl-CoA|D-Methylmalonyl-CoA|(S)-Methylmalonyl-coenzyme A|(2S)-Methylmalonyl-CoA|(S)-3-oxo-2-methylpropanoyl-CoA|(S)-2-Methyl-3-oxopropanoyl-CoA|(S)-Methylmalonyl-CoA",,,,,,,"C00683",,,,,,"false","C00683","Compound"
"O2.-","Compound","32",,"C00704","O2","0.0","O2.-","5359597","[O-][O]","O2.-|Superoxide anion|O2-",,,,,,,"C00704",,,,,,"false","C00704","Compound"
"2-Methylbutanoyl-CoA","Compound","851",,"C01033","C26H44N7O17P3S","851.650543","2-Methylbutanoyl-CoA","54","CCC(C)C(=O)SCCNC(=O)CCNC(=O)C(O)C(C)(C)COP(O)(=O)OP(O)(=O)OC[C@H]1O[C@H]([C@H](O)[C@@H]1OP(O)(O)=O)n2cnc3c(N)ncnc23","2-Methylbutyryl-CoA|2-Methylbutanoyl-CoA",,,,,,,"C01033",,,,,,"false","C01033","Compound"
"3-Hydroxy-2-methylpropanoate","Compound","104","2068-83-9","C01188","C4H8O3","104.10452","3-Hydroxy-2-methylpropanoate","87","CC(CO)C(=O)O","3-Hydroxy-2-methylpropanoate|3-Hydroxyisobutyrate|3-Hydroxyisobutyric acid",,,,,,,"C01188",,,,,,"false","C01188","Compound"
"FADH2","Compound","787",,"C01352","C27H35N9O15P2","787.565622","FADH2","446013","CC1=CC2=C(C=C1C)N(C3=C(N2)C(=O)NC(=O)N3)C[C@@H]([C@@H]([C@@H](COP(=O)(O)OP(=O)(O)OC[C@@H]4[C@H]([C@H]([C@@H](O4)N5C=NC6=C5N=CN=C6N)O)O)O)O)O","FADH2",,,,,,,"C01352",,,,,,"false","C01352","Compound"
"tRNA(Ile)","Compound","0",,"C01644","C15H21N5O10PR(C5H8O6PR)n","0.0","tRNA(Ile)",,,"tRNA(Ile)",,,,,,,"C01644",,,,,,"false","C01644","Compound"
"tRNA(Leu)","Compound","0",,"C01645","C15H21N5O10PR(C5H8O6PR)n","0.0","tRNA(Leu)",,,"tRNA(Leu)",,,,,,,"C01645",,,,,,"false","C01645","Compound"
"tRNA(Val)","Compound","0",,"C01653","C15H21N5O10PR(C5H8O6PR)n","0.0","tRNA(Val)",,,"tRNA(Val)",,,,,,,"C01653",,,,,,"false","C01653","Compound"
"L-Leucyl-tRNA","Compound","0",,"C02047","C21H32N6O11PR(C5H8O6PR)n","0.0","L-Leucyl-tRNA",,,"L-Leucyl-tRNA|L-Leucyl-tRNA(Leu)",,,,,,,"C02047",,,,,,"false","C02047","Compound"
"Methylmalonate","Input Compound","118","516-05-2","C02170","C4H6O4","118.08804","Methylmalonate","487","CC(C(=O)O)C(=O)O","Methylmalonic acid|Methylmalonate",,,,,,,"C02170",,,,,,"false","C02170","Compound"
"L-Valyl-tRNA(Val)","Compound","0",,"C02554","C20H30N6O11PR(C5H8O6PR)n","0.0","L-Valyl-tRNA(Val)",,,"L-Valyl-tRNA(Val)",,,,,,,"C02554",,,,,,"false","C02554","Compound"
"3-Methylbutanoyl-CoA","Compound","851",,"C02939","C26H44N7O17P3S","851.650543","3-Methylbutanoyl-CoA","165435","CC(C)CC(=O)SCCNC(=O)CCNC(=O)[C@@H](C(C)(C)COP(=O)(O)OP(=O)(O)OC[C@@H]1[C@H]([C@H]([C@@H](O1)N2C=NC3=C2N=CN=C3N)O)OP(=O)(O)O)O","3-Methylbutanoyl-CoA|Isovaleryl-CoA",,,,,,,"C02939",,,,,,"false","C02939","Compound"
"3-Methylcrotonyl-CoA","Compound","849",,"C03069","C26H42N7O17P3S","849.634663","3-Methylcrotonyl-CoA","439869","CC(=CC(=O)SCCNC(=O)CCNC(=O)C(C(C)(C)COP(=O)(O)OP(=O)(O)OC[C@@H]1[C@H]([C@H]([C@@H](O1)N2C=NC3=C2N=CN=C3N)O)OP(=O)(O)O)O)C","3-Methylcrotonyl-CoA|3-Methylbut-2-enoyl-CoA|Dimethylacryloyl-CoA|3-Methylcrotonoyl-CoA",,,,,,,"C03069",,,,,,"false","C03069","Compound"
"L-Isoleucyl-tRNA(Ile)","Compound","0",,"C03127","C21H32N6O11PR(C5H8O6PR)n","0.0","L-Isoleucyl-tRNA(Ile)",,,"L-Isoleucyl-tRNA(Ile)",,,,,,,"C03127",,,,,,"false","C03127","Compound"
"3-Methylglutaconyl-CoA","Compound","893",,"C03231","C27H42N7O19P3S","893.644163","3-Methylglutaconyl-CoA","1142","CC(=CC(=O)SCCNC(=O)CCNC(=O)C(C(C)(C)COP(=O)(O)OP(=O)(O)OCC1C(C(C(O1)N2C=NC3=C2N=CN=C3N)O)OP(=O)(O)O)O)CC(=O)O","3-Methylglutaconyl-CoA|trans-3-Methylglutaconyl-CoA",,,,,,,"C03231",,,,,,"false","C03231","Compound"
"L-3-Amino-isobutanoate","Compound","103",,"C03284","C4H9NO2","103.11976","L-3-Amino-isobutanoate","134490","C[C@@H](CN)C(O)=O","L-3-Amino-isobutanoate|(S)-3-Amino-isobutyrate|(S)-3-Amino-2-methylpropanoate|(S)-3-Amino-isobutanoate|L-3-Amino-isobutyrate",,,,,,,"C03284",,,,,,"false","C03284","Compound"
"2-Methylacetoacetyl-CoA","Compound","865",,"C03344","C26H42N7O18P3S","865.634063","2-Methylacetoacetyl-CoA","53","CC(C(=O)C)C(=O)SCCNC(=O)CCNC(=O)C(C(C)(C)COP(=O)(O)OP(=O)(O)OCC1C(C(C(O1)N2C=NC3=C2N=CN=C3N)O)OP(=O)(O)O)O","2-Methyl-3-acetoacetyl-CoA|2-Methylacetoacetyl-CoA",,,,,,,"C03344",,,,,,"false","C03344","Compound"
"2-Methylbut-2-enoyl-CoA","Compound","849",,"C03345","C26H42N7O17P3S","849.634663","2-Methylbut-2-enoyl-CoA","439894","CC=C(C)C(=O)SCCNC(=O)CCNC(=O)C(C(C)(C)COP(=O)(O)OP(=O)(O)OC[C@@H]1[C@H]([C@H]([C@@H](O1)N2C=NC3=C2N=CN=C3N)O)OP(=O)(O)O)O","2-Methylcrotanoyl-CoA|Methylcrotonyl-CoA|Methylcrotonoyl-CoA|2-Methylbut-2-enoyl-CoA|(E)-2-Methylcrotonoyl-CoA|Tigloyl-CoA|trans-2-Methylbut-2-enoyl-CoA|Tiglyl-CoA",,,,,,,"C03345",,,,,,"false","C03345","Compound"
"2-Methylprop-2-enoyl-CoA","Compound","835",,"C03460","C25H40N7O17P3S","835.608083","2-Methylprop-2-enoyl-CoA","440021","CC(=C)C(=O)SCCNC(=O)CCNC(=O)C(C(C)(C)COP(=O)(O)OP(=O)(O)OC[C@@H]1[C@H]([C@H]([C@@H](O1)N2C=NC3=C2N=CN=C3N)O)OP(=O)(O)O)O","Methylacrylyl-CoA|Methacrylyl-CoA|2-Methylprop-2-enoyl-CoA",,,,,,,"C03460",,,,,,"false","C03460","Compound"
"3-Methyl-2-oxopentanoate","Input Compound","130",,"C03465","C6H10O3","130.1418","3-Methyl-2-oxopentanoate",,"CCC(C)C(=O)C(=O)O","3-Methyl-2-oxopentanoate|2-Oxo-3-methylvalerate",,,,,,,"C03465",,,,,,"false","C03465","Compound"
"(2S,3S)-3-Hydroxy-2-methylbutanoyl-CoA","Compound","867",,"C04405","C26H44N7O18P3S","867.649943","(2S,3S)-3-Hydroxy-2-methylbutanoyl-CoA","52","CC(C(C)O)C(=O)SCCNC(=O)CCNC(=O)C(C(C)(C)COP(=O)(O)OP(=O)(O)OCC1C(C(C(O1)N2C=NC3=C2N=CN=C3N)O)OP(=O)(O)O)O","(S)-3-Hydroxy-2-methylbutyryl-CoA|(2S,3S)-3-Hydroxy-2-methylbutanoyl-CoA",,,,,,,"C04405",,,,,,"false","C04405","Compound"
"S-(2-Methylpropanoyl)-dihydrolipoamide","Compound","277",,"C04424","C12H23NO2S2","277.44652","S-(2-Methylpropanoyl)-dihydrolipoamide",,"CC(C)C(=O)SCCC(S)CCCCC(N)=O","S-(2-Methylpropionyl)-dihydrolipoamide|S-(2-Methylpropanoyl)-dihydrolipoamide",,,,,,,"C04424",,,,,,"false","C04424","Compound"
"S-(2-Methylbutanoyl)-dihydrolipoamide","Input Compound","291",,"C05118","C13H25NO2S2","291.4731","S-(2-Methylbutanoyl)-dihydrolipoamide",,"CCC(C)C(=O)SCCC(S)CCCCC(N)=O","S-(2-Methylbutanoyl)-dihydrolipoamide",,,,,,,"C05118",,,,,,"false","C05118","Compound"
"S-(3-Methylbutanoyl)-dihydrolipoamide","Input Compound","291",,"C05119","C13H25NO2S2","291.4731","S-(3-Methylbutanoyl)-dihydrolipoamide",,"CC(C)CC(=O)SCCC(S)CCCCC(N)=O","S-(3-Methylbutanoyl)-dihydrolipoamide",,,,,,,"C05119",,,,,,"false","C05119","Compound"
"3-Hydroxyisovaleryl-CoA","Compound","869",,"C05998","C26H46N7O18P3S","867.649943","3-Hydroxyisovaleryl-CoA","8272","CC(C)(O)CC(=O)SCCNC(O)CCNC(=O)C(O)C(C)(C)COP(O)(=O)OP(O)(=O)OC[C@H]1O[C@H]([C@H](O)[C@@H]1OP(O)(O)=O)n2cnc3c(N)ncnc23","3-Hydroxyisovaleryl-CoA|3-Hydroxyisovaleryl coenzyme A",,,,,,,"C05998",,,,,,"false","C05998","Compound"
"(S)-3-Hydroxyisobutyryl-CoA","Compound","855",,"C06000","C25H44N7O18P3S","853.623363","(S)-3-Hydroxyisobutyryl-CoA","88","C[C@@H](CO)C(=O)SCCNC(O)CCNC(=O)C(O)C(C)(C)COP(O)(=O)OP(O)(=O)OC[C@H]1O[C@H]([C@H](O)[C@@H]1OP(O)(O)=O)n2cnc3c(N)ncnc23","(S)-3-Hydroxyisobutyryl-CoA",,,,,,,"C06000",,,,,,"false","C06000","Compound"
"(S)-3-Hydroxyisobutyrate","Input Compound","104",,"C06001","C4H8O3","104.10452","(S)-3-Hydroxyisobutyrate",,"C[C@@H](CO)C(=O)O","(S)-3-Hydroxyisobutyrate",,,,,,,"C06001",,,,,,"false","C06001","Compound"
"(S)-Methylmalonate semialdehyde","Input Compound","102",,"C06002","C4H6O3","102.08864","(S)-Methylmalonate semialdehyde","5462303","C[C@@H](C=O)C(O)=O","(S)-Methylmalonate semialdehyde",,,,,,,"C06002",,,,,,"false","C06002","Compound"
"2-methylglutaconic acid","Input Compound","0",,"CE5068","C6H6O4","0.0","2-methylglutaconic acid",,"C\C(=C/CC([O-])=O)C([O-])=O","2-methylglutaconate|beta-methylglutaconic acid|2-methyl-2-pentenedioic acid|2-methylglutaconic acid|MeGltA",,,,,,,"CE5068",,,,,,"false","CE5068","Compound"
"alpha-hydroxyisocaproic acid","Compound","0",,"CE5456","C6H11O3","0.0","alpha-hydroxyisocaproic acid",,"CC(C)CC(O)C([O-])=O","DL-2-hydroxy-4-methylvaleric acid anion|alpha-hydroxyisocaproic acid|DL-2-hydroxy-4-methylpentanoate|alpha-hydroxyisocaproic acid|DL-2-hydroxyisocaproic acid anion",,,,,,,"CE5456",,,,,,"false","CE5456","Compound"
"2-methylglutaconyl-CoA","Compound","0",,"CE5875","C27H37N7O19P3S","0.0","2-methylglutaconyl-CoA",,"C\C(=C/CC([O-])=O)C(=O)SCCNC(=O)CCNC(=O)C(O)C(C)(C)COP([O-])(=O)OP([O-])(=O)OC[C@@H]1O[C@@H]([C@H](O)[C@@H]1OP([O-])([O-])=O)n2cnc3c(N)ncnc23","2-methylglutaconyl-CoA",,,,,,,"CE5875",,,,,,"false","CE5875","Compound"
"R00922","Reaction",,,,,,,,,,,,,,,,"R00922","2-Methyl-3-oxopropanoate+CoA+NAD+=Propanoyl-CoA+CO2+NADH","no","mitochondria","Valine, leucine and isoleucine degradation","R00922","false","R00922","Reaction"
"R00927","Reaction",,,,,,,,,,,,,,,,"R00927","Propanoyl-CoA+Acetyl-CoA=CoA+2-Methylacetoacetyl-CoA","no","mitochondria","Valine, leucine and isoleucine degradation","R00927","false","R00927","Reaction"
"R00935","Reaction",,,,,,,,,,,,,,,,"R00935","(S)-Methylmalonate semialdehyde+CoA+NAD+=Propanoyl-CoA+CO2+ NADH+H+","no","mitochondria","Valine, leucine and isoleucine degradation","R00935","false","R00935","Reaction"
"R01090","Reaction",,,,,,,,,,,,,,,,"R01090","L-Leucine+2-Oxoglutarate=4-Methyl-2-oxopentanoate +L-Glutamate","yes","mitochondria|cytosol","Valine, leucine and isoleucine degradation","R01090","false","R01090","Reaction"
"R01214","Reaction",,,,,,,,,,,,,,,,"R01214","L-Valine+2-Oxoglutarate=3-Methyl-2-oxobutanoic acid +L-Glutamate","yes","mitochondria|cytosol","Valine, leucine and isoleucine degradation","R01214","false","R01214","Reaction"
"R01360","Reaction",,,,,,,,,,,,,,,,"R01360","(S)-3-Hydroxy-3-methylglutaryl-CoA=Acetyl-CoA+Acetoacetate","no","mitochondria","Valine, leucine and isoleucine degradation","R01360","false","R01360","Reaction"
"R01701","Reaction",,,,,,,,,,,,,,,,"R01701","3-Methyl-2-oxobutanoic acid+Lipoamide <=>S-(2-Methylpropanoyl)-dihydrolipoamide+CO2","no","mitochondria|cytosol","Valine, leucine and isoleucine degradation","R01701","false","R01701","Reaction"
"R01702","Reaction",,,,,,,,,,,,,,,,"R01702","4-Methyl-2-oxopentanoate+Lipoamide <=>S-(3-Methylbutanoyl)-dihydrolipoamide+CO2","no","mitochondria|cytosol","Valine, leucine and isoleucine degradation","R01702","false","R01702","Reaction"
"R01859","Reaction",,,,,,,,,,,,,,,,"R01859","ATP+Propanoyl-CoA+HCO3-=ADP+Orthophosphate +(S)-2-Methyl-3-oxopropanoyl-CoA","no","mitochondria|cytosol","Valine, leucine and isoleucine degradation","R01859","false","R01859","Reaction"
"R02047","Reaction",,,,,,,,,,,,,,,,"R02047","3-Hydroxy-2-methylpropanoate+NAD+=2-Methyl-3-oxopropanoate +NADH","yes","mitochondria","Valine, leucine and isoleucine degradation","R02047","false","R02047","Reaction"
"R02085","Reaction",,,,,,,,,,,,,,,,"R02085","(S)-3-Hydroxy-3-methylglutaryl-CoA=3-Methylglutaconyl-CoA+H2O","yes","mitochondria","Valine, leucine and isoleucine degradation","R02085","false","R02085","Reaction"
"R02197","Reaction",,,,,,,,,,,,,,,,"R02197","L-Isoleucine+Oxygen+H2O=3-Methyl-2-oxopentanoate+NH3 +H2O2","no","cytosol","Valine, leucine and isoleucine degradation","R02197","false","R02197","Reaction"
"R02198","Reaction",,,,,,,,,,,,,,,,"R02198","L-Isoleucine+2-Oxoglutarate=3-Methyl-2-oxopentanoate +L-Glutamate","yes","mitochondria|cytosol","Valine, leucine and isoleucine degradation","R02198","false","R02198","Reaction"
"R02199","Reaction",,,,,,,,,,,,,,,,"R02199","L-Isoleucine+2-Oxoglutarate=(S)-3-Methyl-2-oxopentanoic acid +L-Glutamate","yes","mitochondria|cytosol","Valine, leucine and isoleucine degradation","R02199","false","R02199","Reaction"
"R02660","Reaction",,,,,,,,,,,,,,,,"R02660","2-Methylpropanoyl-CoA+Oxygen=2-Methylprop-2-enoyl-CoA+2 H2O","no","mitochondria","Valine, leucine and isoleucine degradation","R02660","false","R02660","Reaction"
"R02661","Reaction",,,,,,,,,,,,,,,,"R02661","2-Methylpropanoyl-CoA+FAD=2-Methylprop-2-enoyl-CoA+FADH2","yes","mitochondria","Valine, leucine and isoleucine degradation","R02661","false","R02661","Reaction"
"R03170","Reaction",,,,,,,,,,,,,,,,"R03170","2-Methylbutanoyl-CoA+Oxygen=2-Methylbut-2-enoyl-CoA+2 H2O","no","mitochondria","Valine, leucine and isoleucine degradation","R03170","false","R03170","Reaction"
"R03172","Reaction",,,,,,,,,,,,,,,,"R03172","2-Methylbutanoyl-CoA+FAD=2-Methylbut-2-enoyl-CoA+FADH2","yes","mitochondria","Valine, leucine and isoleucine degradation","R03172","false","R03172","Reaction"
"R03656","Reaction",,,,,,,,,,,,,,,,"R03656","ATP+L-Isoleucine+tRNA(Ile)=AMP+Pyrophosphate +L-Isoleucyl-tRNA(Ile)","no","mitochondria|cytosol","Valine, leucine and isoleucine degradation","R03656","false","R03656","Reaction"
"R03657","Reaction",,,,,,,,,,,,,,,,"R03657","ATP+L-Leucine+tRNA(Leu)=AMP+Pyrophosphate+L-Leucyl-tRNA","no","mitochondria|cytosol","Valine, leucine and isoleucine degradation","R03657","false","R03657","Reaction"
"R03665","Reaction",,,,,,,,,,,,,,,,"R03665","ATP+L-Valine+tRNA(Val)=AMP+Pyrophosphate +L-Valyl-tRNA(Val)","no","mitochondria|cytosol","Valine, leucine and isoleucine degradation","R03665","false","R03665","Reaction"
"R03869","Reaction",,,,,,,,,,,,,,,,"R03869","(S)-Methylmalonate semialdehyde+NAD++H2O=Methylmalonate +NADH","yes","mitochondria|cytosol","Valine, leucine and isoleucine degradation","R03869","false","R03869","Reaction"
"R03871","Reaction",,,,,,,,,,,,,,,,"R03871","Methylmalonate+O2.-=(S)-Methylmalonate semialdehyde+Oxygen +H2O","no","cytosol","Valine, leucine and isoleucine degradation","R03871","false","R03871","Reaction"
"R04095","Reaction",,,,,,,,,,,,,,,,"R04095","3-Methylbutanoyl-CoA+FAD=3-Methylcrotonyl-CoA+FADH2","no","mitochondria","Valine, leucine and isoleucine degradation","R04095","false","R04095","Reaction"
"R04137","Reaction",,,,,,,,,,,,,,,,"R04137","3-Hydroxyisovaleryl-CoA=3-Methylcrotonyl-CoA+H2O","yes","mitochondria","Valine, leucine and isoleucine degradation","R04137","false","R04137","Reaction"
"R04138","Reaction",,,,,,,,,,,,,,,,"R04138","ATP+3-Methylcrotonyl-CoA+HCO3-=ADP+Orthophosphate +3-Methylglutaconyl-CoA","no","mitochondria","Valine, leucine and isoleucine degradation","R04138","false","R04138","Reaction"
"R04188","Reaction",,,,,,,,,,,,,,,,"R04188","L-3-Amino-isobutanoate+2-Oxoglutarate=(S)-Methylmalonatesemialdehyde+L-Glutamate","yes","mitochondria|cytosol","Valine, leucine and isoleucine degradation","R04188","false","R04188","Reaction"
"R04203","Reaction",,,,,,,,,,,,,,,,"R04203","(2S,3S)-3-Hydroxy-2-methylbutanoyl-CoA+NAD+ <=>2-Methylacetoacetyl-CoA+NADH","yes","mitochondria","Valine, leucine and isoleucine degradation","R04203","false","R04203","Reaction"
"R04204","Reaction",,,,,,,,,,,,,,,,"R04204","(2S,3S)-3-Hydroxy-2-methylbutanoyl-CoA=2-Methylbut-2-enoyl-CoA +H2O","yes","mitochondria","Valine, leucine and isoleucine degradation","R04204","false","R04204","Reaction"
"R04224","Reaction",,,,,,,,,,,,,,,,"R04224","2-Methylprop-2-enoyl-CoA+H2O=(S)-3-Hydroxyisobutyryl-CoA","yes","mitochondria","Valine, leucine and isoleucine degradation","R04224","false","R04224","Reaction"
"R04225","Reaction",,,,,,,,,,,,,,,,"R04225","3-Methyl-2-oxopentanoate+Lipoamide <=>S-(2-Methylbutanoyl)-dihydrolipoamide+CO2","no","mitochondria|cytosol","Valine, leucine and isoleucine degradation","R04225","false","R04225","Reaction"
"R05066","Reaction",,,,,,,,,,,,,,,,"R05066","(S)-3-Hydroxyisobutyrate+NAD+=(S)-Methylmalonate semialdehyde+ NADH+H+","yes","mitochondria","Valine, leucine and isoleucine degradation","R05066","false","R05066","Reaction"
"RE2292","Reaction",,,,,,,,,,,,,,,,"RE2292","NAD('+)+""a""-hydroxyisocaproic acid = 2-oxoisohexanoate+NADH+H('+)","yes","cytosol","Valine, leucine and isoleucine degradation","RE2292","false","RE2292","Reaction"
"RE2453","Reaction",,,,,,,,,,,,,,,,"RE2453","ATP+2-methylcrotonyl-CoA+HCO(,3) = ADP+Pi+H('+)+2-methylglutaconyl-CoA","yes","mitochondria","Valine, leucine and isoleucine degradation","RE2453","false","RE2453","Reaction"
"RE2454","Reaction",,,,,,,,,,,,,,,,"RE2454","H(,2)O+2-methylglutaconyl-CoA = CoA+H('+)+2-methylglutaconic acid","yes","mitochondria","Valine, leucine and isoleucine degradation","RE2454","false","RE2454","Reaction"
"RE3326","Reaction",,,,,,,,,,,,,,,,"RE3326","isobutyryl-CoA+D-Dihydro-6,8-dithiooctamide = CoA+6-`S`-(2-methylpropanoyl)-D-dihydro-6,8-dithiooctamide","yes","mitochondria","Valine, leucine and isoleucine degradation","RE3326","false","RE3326","Reaction"
